,relu,tanh
xavier_normal,0.8782496854097028,1.2719417810440063
xavier_uniform,0.8459956981713259,1.3172246180003202
kaiming_normal,0.921815617929531,1.3811923876593384
