{
    "train_losses": [
        5.936621409680875,
        5.079721847819862,
        5.02312569051062,
        5.000902621231416,
        4.986709386766744,
        4.915615980845716,
        4.733874720098688,
        4.6403321925764045,
        4.569100842076776,
        4.5116560490646025
    ],
    "train_ppls": [
        378.65345107765967,
        160.7293424932991,
        151.8853090805184,
        148.54718044716037,
        146.4537072079711,
        136.4033057535767,
        113.73540251966655,
        103.57874996066768,
        96.4573403871381,
        91.07251424835347
    ],
    "train_times": [
        93.66132974624634,
        93.62606382369995,
        93.53192973136902,
        93.69447064399719,
        93.54571056365967,
        93.67215991020203,
        93.66308641433716,
        93.63112473487854,
        93.59477472305298,
        93.66688537597656
    ],
    "valid_losses": [
        5.159598410129547,
        5.058877408504486,
        5.037041544914246,
        5.03405225276947,
        5.0280479192733765,
        4.84698349237442,
        4.761876463890076,
        4.663084626197815,
        4.604889750480652,
        4.5609976053237915
    ],
    "valid_ppls": [
        174.09452696620315,
        157.41370581152538,
        154.01369775424217,
        153.55399325520304,
        152.6347663042919,
        127.35564057726165,
        116.96520107989117,
        105.96243305962011,
        99.97196038109219,
        95.67888199735411
    ],
    "valid_times": [
        1.5653820037841797,
        1.5493786334991455,
        1.558516263961792,
        1.5645971298217773,
        1.5645506381988525,
        1.587021827697754,
        1.5762126445770264,
        1.5720648765563965,
        1.568110466003418,
        1.563436508178711
    ],
    "info_total": [
        15843721216,
        15843721216,
        15843721216,
        15843721216,
        15843721216,
        15843721216,
        15843721216,
        15843721216,
        15843721216,
        15843721216
    ],
    "info_free": [
        12368740352,
        12368740352,
        12368740352,
        12368740352,
        12368740352,
        12368740352,
        12368740352,
        12368740352,
        12368740352,
        12368740352
    ],
    "info_used": [
        3474980864,
        3474980864,
        3474980864,
        3474980864,
        3474980864,
        3474980864,
        3474980864,
        3474980864,
        3474980864,
        3474980864
    ],
    "test_loss": 4.532496154308319,
    "test_ppl": 92.9903899839734,
    "test_bleu1": 33.80490007859946,
    "test_bleu2": 16.87078362836344,
    "test_time": 1.5603535175323486
}