{
    "train_losses": [
        5.889117446764975,
        5.04822943809274,
        5.001474907744823,
        4.982027635700377,
        4.969879692346514,
        4.962013532411684,
        4.955482079594145,
        4.950328045479527,
        4.939556413810158,
        4.890289495695005
    ],
    "train_ppls": [
        361.0864656773374,
        155.74646146641854,
        148.63221632525728,
        145.76964995044955,
        144.00956087633696,
        142.881202380765,
        141.95102157171567,
        141.2212833272341,
        139.70826315672002,
        132.99206911041426
    ],
    "train_times": [
        88.06039619445801,
        87.99761509895325,
        88.0488953590393,
        88.0484447479248,
        88.05313849449158,
        88.12226438522339,
        88.07628989219666,
        88.06219434738159,
        87.98754644393921,
        88.13168811798096
    ],
    "valid_losses": [
        5.10319846868515,
        5.038757383823395,
        5.02233761548996,
        5.0213587284088135,
        5.019229173660278,
        5.02107971906662,
        5.020876705646515,
        5.021027028560638,
        4.9988948702812195,
        4.930045008659363
    ],
    "valid_ppls": [
        164.54736611790403,
        154.2781872952232,
        151.7656592151544,
        151.61717046070584,
        151.29463694367402,
        151.5748737545728,
        151.54410514437598,
        151.56688740818475,
        148.2492339057812,
        138.38574075645963
    ],
    "valid_times": [
        1.393425464630127,
        1.378281593322754,
        1.4253268241882324,
        1.3917853832244873,
        1.378830909729004,
        1.3686022758483887,
        1.3641233444213867,
        1.3526298999786377,
        1.3680543899536133,
        1.3526129722595215
    ],
    "info_total": [
        15843721216,
        15843721216,
        15843721216,
        15843721216,
        15843721216,
        15843721216,
        15843721216,
        15843721216,
        15843721216,
        15843721216
    ],
    "info_free": [
        12368740352,
        12368740352,
        12368740352,
        12368740352,
        12368740352,
        12368740352,
        12368740352,
        12368740352,
        12368740352,
        12368740352
    ],
    "info_used": [
        3474980864,
        3474980864,
        3474980864,
        3474980864,
        3474980864,
        3474980864,
        3474980864,
        3474980864,
        3474980864,
        3474980864
    ],
    "test_loss": 4.908510327339172,
    "test_ppl": 135.43750650676907,
    "test_bleu1": 27.17851951208979,
    "test_bleu2": 16.10931339543667,
    "test_time": 1.3593764305114746
}