{
    "train_losses": [
        6.023166288888402,
        5.061712162085041,
        5.007778644561768,
        4.984748241659828,
        4.971085573608129,
        4.962520334689103,
        4.95566216649463,
        4.950373164357593,
        4.94565399312763,
        4.942282567465358
    ],
    "train_ppls": [
        412.8838377572255,
        157.86056795048506,
        149.57211402094657,
        146.1667716897492,
        144.18332405511535,
        142.95363325204679,
        141.9765873931768,
        141.2276552168421,
        140.56274786926897,
        140.0896489709499
    ],
    "train_times": [
        90.45169949531555,
        87.78796696662903,
        87.60586428642273,
        87.65286779403687,
        87.78300738334656,
        87.5439395904541,
        87.59055662155151,
        87.6446681022644,
        87.54070234298706,
        87.52165532112122
    ],
    "valid_losses": [
        5.125107109546661,
        5.0456297397613525,
        5.023157477378845,
        5.020821988582611,
        5.017392516136169,
        5.018398284912109,
        5.0189138650894165,
        5.019233286380768,
        5.019986629486084,
        5.02264928817749
    ],
    "valid_ppls": [
        168.1921556726375,
        155.34209349553544,
        151.8901371155572,
        151.53581332274467,
        151.01701553613955,
        151.1689801428194,
        151.24693996794804,
        151.29525917750686,
        151.40927936064222,
        151.81296779805047
    ],
    "valid_times": [
        1.3700811862945557,
        1.363292932510376,
        1.3764941692352295,
        1.3651642799377441,
        1.3914158344268799,
        1.3821487426757812,
        1.3567447662353516,
        1.3767964839935303,
        1.3603012561798096,
        1.383134126663208
    ],
    "info_total": [
        15843721216,
        15843721216,
        15843721216,
        15843721216,
        15843721216,
        15843721216,
        15843721216,
        15843721216,
        15843721216,
        15843721216
    ],
    "info_free": [
        14673510400,
        12370837504,
        12370837504,
        12370837504,
        12370837504,
        12370837504,
        12370837504,
        12370837504,
        12370837504,
        12370837504
    ],
    "info_used": [
        1170210816,
        3472883712,
        3472883712,
        3472883712,
        3472883712,
        3472883712,
        3472883712,
        3472883712,
        3472883712,
        3472883712
    ],
    "test_loss": 5.004745960235596,
    "test_ppl": 149.11919614073136,
    "test_bleu1": 24.054333107914104,
    "test_bleu2": 14.33895271211818,
    "test_time": 1.361560344696045
}