{
    "train_losses": [
        9.308284360406683,
        9.13187919734333,
        8.12164173252257,
        7.5649907662479885,
        7.174740560254336,
        6.901319951212879,
        6.7122296110648945,
        6.579934460476107,
        6.4632990118690525,
        6.332966109204397
    ],
    "train_ppls": [
        11029.010081619417,
        9245.379547602693,
        3366.54317408144,
        1929.4509629022077,
        1306.021223218298,
        993.5853346056799,
        822.4022339407826,
        720.4921069920538,
        641.1728080114941,
        562.8235165063342
    ],
    "train_times": [
        87.9437689781189,
        87.95184850692749,
        87.96857023239136,
        87.9468412399292,
        87.86859202384949,
        88.10353684425354,
        87.97330021858215,
        87.81349539756775,
        87.77342510223389,
        87.86981701850891
    ],
    "valid_losses": [
        9.248002767562866,
        8.71454918384552,
        7.610702037811279,
        7.388022482395172,
        7.023293733596802,
        6.797596335411072,
        6.632442533969879,
        6.523021221160889,
        6.395851671695709,
        6.270947277545929
    ],
    "valid_ppls": [
        10383.80611818967,
        6090.888127685416,
        2019.69550273283,
        1616.5062804859854,
        1122.4776781649375,
        895.6917595351377,
        759.3346079747706,
        680.6316207939641,
        599.3535583770456,
        528.9782298167275
    ],
    "valid_times": [
        1.360424518585205,
        1.3662631511688232,
        1.3758695125579834,
        1.358163833618164,
        1.3746135234832764,
        1.424020528793335,
        1.393331527709961,
        1.368879795074463,
        1.3797879219055176,
        1.3820538520812988
    ],
    "info_total": [
        15843721216,
        15843721216,
        15843721216,
        15843721216,
        15843721216,
        15843721216,
        15843721216,
        15843721216,
        15843721216,
        15843721216
    ],
    "info_free": [
        12370837504,
        12370837504,
        12370837504,
        12370837504,
        12370837504,
        12370837504,
        12370837504,
        12370837504,
        12368740352,
        12368740352
    ],
    "info_used": [
        3472883712,
        3472883712,
        3472883712,
        3472883712,
        3472883712,
        3472883712,
        3472883712,
        3472883712,
        3474980864,
        3474980864
    ],
    "test_loss": 6.2888147830963135,
    "test_ppl": 538.5146939806529,
    "test_bleu1": 3.538982942700386,
    "test_bleu2": 0.0,
    "test_time": 1.4361743927001953
}