{
    "train_losses": [
        7.524161851353583,
        5.825255398183142,
        5.099651418593487,
        4.796359469712043,
        4.529133017367728,
        4.328118578452896,
        4.174997235184724,
        4.049118137569679,
        3.939071176335675,
        3.8410638407988693
    ],
    "train_ppls": [
        1852.2601060088075,
        338.7476375620899,
        163.9647422766671,
        121.06885940398197,
        92.67817587198478,
        75.8015376795829,
        65.03965983812334,
        57.346862696388534,
        51.37086465974523,
        46.57499647479507
    ],
    "train_times": [
        149.3542604446411,
        148.9760103225708,
        148.9925181865692,
        148.94266390800476,
        149.20345854759216,
        149.3197853565216,
        149.17754745483398,
        149.18983125686646,
        149.19617128372192,
        149.24907898902893
    ],
    "valid_losses": [
        6.253569483757019,
        5.193287551403046,
        4.855898141860962,
        4.564992368221283,
        4.325186669826508,
        4.157307982444763,
        4.01108381152153,
        3.9028018712997437,
        3.803107053041458,
        3.719867378473282
    ],
    "valid_ppls": [
        519.865167018131,
        180.05953593605005,
        128.4960470828519,
        96.06186089086563,
        75.57961997754774,
        63.89927288995229,
        55.20667177792567,
        49.54106250759067,
        44.84028943584758,
        41.25892192453774
    ],
    "valid_times": [
        1.8968398571014404,
        1.9117023944854736,
        1.9099552631378174,
        1.9087753295898438,
        1.921114206314087,
        1.9074270725250244,
        1.9143598079681396,
        1.9177234172821045,
        1.9085829257965088,
        1.9134211540222168
    ],
    "info_total": [
        15843721216,
        15843721216,
        15843721216,
        15843721216,
        15843721216,
        15843721216,
        15843721216,
        15843721216,
        15843721216,
        15843721216
    ],
    "info_free": [
        8166047744,
        8166047744,
        8166047744,
        8166047744,
        8166047744,
        8166047744,
        8166047744,
        8166047744,
        8166047744,
        8166047744
    ],
    "info_used": [
        7677673472,
        7677673472,
        7677673472,
        7677673472,
        7677673472,
        7677673472,
        7677673472,
        7677673472,
        7677673472,
        7677673472
    ],
    "test_loss": 3.7038432955741882,
    "test_ppl": 40.6030544109286,
    "test_bleu1": 23.063665528664497,
    "test_bleu2": 36.617229041385876,
    "test_time": 1.8709344863891602
}