{
    "train_losses": [
        9.574262224104961,
        9.563392353477981,
        9.549990049017683,
        9.541484551282707,
        9.529805296843273,
        9.51889066654155,
        9.508497028098757,
        9.498065788840407,
        9.485736271358272,
        9.475407676024584
    ],
    "train_ppls": [
        14389.617579658434,
        14234.051322470026,
        14044.554913689868,
        13925.605562501369,
        13763.91094618821,
        13614.499813607808,
        13473.728455530307,
        13333.911271357676,
        13170.519917360072,
        13035.187049120806
    ],
    "train_times": [
        143.89830589294434,
        143.66995525360107,
        143.51352834701538,
        143.82302522659302,
        144.04541015625,
        144.1929008960724,
        143.5279791355133,
        143.55293822288513,
        143.60732865333557,
        143.7154529094696
    ],
    "valid_losses": [
        9.573650598526001,
        9.55147111415863,
        9.529660105705261,
        9.507737755775452,
        9.485506653785706,
        9.463907122612,
        9.441924452781677,
        9.420039892196655,
        9.398081183433533,
        9.376192927360535
    ],
    "valid_ppls": [
        14380.81921240277,
        14065.37122574458,
        13761.91269336225,
        13463.502109204439,
        13167.496081723395,
        12886.133923778152,
        12605.953139911982,
        12333.074203329244,
        12065.207584627924,
        11803.990454081966
    ],
    "valid_times": [
        1.916715383529663,
        1.9173238277435303,
        1.8998541831970215,
        1.901425838470459,
        1.9208080768585205,
        1.9260363578796387,
        1.9006762504577637,
        1.9114384651184082,
        1.9256718158721924,
        1.8990163803100586
    ],
    "info_total": [
        15843721216,
        15843721216,
        15843721216,
        15843721216,
        15843721216,
        15843721216,
        15843721216,
        15843721216,
        15843721216,
        15843721216
    ],
    "info_free": [
        8514174976,
        8166047744,
        8166047744,
        8166047744,
        8166047744,
        8166047744,
        8166047744,
        8166047744,
        8166047744,
        8166047744
    ],
    "info_used": [
        7329546240,
        7677673472,
        7677673472,
        7677673472,
        7677673472,
        7677673472,
        7677673472,
        7677673472,
        7677673472,
        7677673472
    ],
    "test_loss": 9.366960167884827,
    "test_ppl": 11695.508613353699,
    "test_bleu1": 0.0,
    "test_bleu2": 0.02604167675599456,
    "test_time": 1.8732097148895264
}