{
    "train_losses": [
        7.524161851353583,
        5.825255398183142,
        5.099651418593487,
        4.796359469712043,
        4.529133017367728,
        4.328118578452896,
        4.174997235184724,
        4.049118137569679,
        3.939071176335675,
        3.8410638407988693
    ],
    "train_ppls": [
        1852.2601060088075,
        338.7476375620899,
        163.9647422766671,
        121.06885940398197,
        92.67817587198478,
        75.8015376795829,
        65.03965983812334,
        57.346862696388534,
        51.37086465974523,
        46.57499647479507
    ],
    "train_times": [
        148.77432990074158,
        148.99360370635986,
        148.77393007278442,
        148.80706810951233,
        149.02862429618835,
        148.81755566596985,
        148.83375692367554,
        148.89398837089539,
        148.7829692363739,
        148.97235918045044
    ],
    "valid_losses": [
        6.253569483757019,
        5.193287551403046,
        4.855898141860962,
        4.564992368221283,
        4.325186669826508,
        4.157307982444763,
        4.01108381152153,
        3.9028018712997437,
        3.803107053041458,
        3.719867378473282
    ],
    "valid_ppls": [
        519.865167018131,
        180.05953593605005,
        128.4960470828519,
        96.06186089086563,
        75.57961997754774,
        63.89927288995229,
        55.20667177792567,
        49.54106250759067,
        44.84028943584758,
        41.25892192453774
    ],
    "valid_times": [
        1.8878147602081299,
        1.9054172039031982,
        1.89243745803833,
        1.9156591892242432,
        1.9165191650390625,
        1.9028913974761963,
        1.9033777713775635,
        1.9035444259643555,
        1.908123254776001,
        1.9092609882354736
    ],
    "info_total": [
        15843721216,
        15843721216,
        15843721216,
        15843721216,
        15843721216,
        15843721216,
        15843721216,
        15843721216,
        15843721216,
        15843721216
    ],
    "info_free": [
        8166047744,
        8130396160,
        8130396160,
        8130396160,
        8130396160,
        8130396160,
        8130396160,
        8130396160,
        8130396160,
        8130396160
    ],
    "info_used": [
        7677673472,
        7713325056,
        7713325056,
        7713325056,
        7713325056,
        7713325056,
        7713325056,
        7713325056,
        7713325056,
        7713325056
    ],
    "test_loss": 3.7038432955741882,
    "test_ppl": 40.6030544109286,
    "test_bleu1": 22.055968262611312,
    "test_bleu2": 37.822267029453826,
    "test_time": 1.872924566268921
}