{
    "train_losses": [
        6.695812836617625,
        5.0296054075467955,
        4.294008963958808,
        3.8757001628959755,
        3.580264371922363,
        3.354542762697531,
        3.169118722629967,
        3.008022586679669,
        2.8688391966966806,
        2.744102582007253
    ],
    "train_ppls": [
        809.0112610017128,
        152.8726783874734,
        73.25957557734172,
        48.21644584168293,
        35.883026057774906,
        28.63250934587276,
        23.78651260155174,
        20.2473229877878,
        17.616556968880055,
        15.55065223326859
    ],
    "train_times": [
        146.5438735485077,
        145.78787088394165,
        146.1582863330841,
        146.32518458366394,
        146.33679842948914,
        146.16376161575317,
        146.57960510253906,
        146.36395692825317,
        146.3088665008545,
        146.50809359550476
    ],
    "valid_losses": [
        5.596041202545166,
        4.588088095188141,
        4.0583029091358185,
        3.7241667807102203,
        3.4770368933677673,
        3.2849261462688446,
        3.120974749326706,
        2.9807451367378235,
        2.8583133220672607,
        2.754126787185669
    ],
    "valid_ppls": [
        269.3579603309331,
        98.30629808959343,
        57.876006844473075,
        41.43669250553196,
        32.36368281565354,
        26.70701182957835,
        22.66846494855451,
        19.702492227210737,
        17.432099788461205,
        15.70731908034016
    ],
    "valid_times": [
        1.9037601947784424,
        1.9057152271270752,
        1.9136130809783936,
        1.9028635025024414,
        1.9072589874267578,
        1.9095518589019775,
        1.9043116569519043,
        1.8941118717193604,
        1.910362958908081,
        1.906278133392334
    ],
    "info_total": [
        15843721216,
        15843721216,
        15843721216,
        15843721216,
        15843721216,
        15843721216,
        15843721216,
        15843721216,
        15843721216,
        15843721216
    ],
    "info_free": [
        12284854272,
        8593866752,
        8593866752,
        8593866752,
        8593866752,
        8593866752,
        8593866752,
        8593866752,
        8593866752,
        8593866752
    ],
    "info_used": [
        3558866944,
        7249854464,
        7249854464,
        7249854464,
        7249854464,
        7249854464,
        7249854464,
        7249854464,
        7249854464,
        7249854464
    ],
    "test_loss": 2.6931188702583313,
    "test_ppl": 14.777693830969767,
    "test_bleu1": 45.301395654678345,
    "test_bleu2": 59.45674180984497,
    "test_time": 1.863915205001831
}